"time","value","uncertainty","units"
"2010",65.3583090049284,550.23929455356,"PgC"
"2011",45.9981155310081,572.434550611203,"PgC"
"2012",69.6864483151928,541.773930755813,"PgC"
