"time","value","units"
"2010",65.3583090049284,"PgC"
"2011",45.9981155310081,"PgC"
"2012",69.6864483151928,"PgC"
